{
  "project_info": {
    "project_number": "371279756333",
    "project_id": "birdingapp-3fa4c",
    "storage_bucket": "birdingapp-3fa4c.appspot.com"
  },
  "client": [
    {
      "client_info": {
        "mobilesdk_app_id": "1:371279756333:android:27e7a3c48989d7a042cca4",
        "android_client_info": {
          "package_name": "com.example.birdingapp"
        }
      },
      "oauth_client": [],
      "api_key": [
        {
          "current_key": "AIzaSyBucyjOEvmsp7qwTYaK2Pn6qxQsV2tbPwU"
        }
      ],
      "services": {
        "appinvite_service": {
          "other_platform_oauth_client": []
        }
      }
    }
  ],
  "configuration_version": "1"
}